POI_ID,POI_TYPE,LAT,LON
1011027087,Industriegebiet,49.02096,8.44105
1132034812,Sportfachgeschäft,49.0086,8.43172
1148910990,Kaffeehaus,49.00321,8.39452
1039243138,Restaurant,49.00922,8.37631
1194135126,Bank,49.0053,8.41433
1100900878,Parkplatz,49.00114,8.40264
1164819837,Restaurant,49.01001,8.39462
1031851896,Convenience Store,49.02931,8.3704
1165846659,Andachtsort,49.02323,8.36605
1148121266,Bekleidungsgeschäft,49.00988,8.39815
1058556706,Medizinischer Service,49.00997,8.39666
1039240178,Restaurant,49.03191,8.38744
1017890530,Geldautomat,49.00952,8.40471
1039814902,Nachtleben,49.01027,8.39653
1023822445,Bank,49.00744,8.39847
1164919041,Apotheke,49.03656,8.39305
1108686636,Fachgeschäft,49.00664,8.39478
50605261,Hotel,49.00764,8.35642
1031412324,Parkplatz,49.01149,8.40767
1115829217,Geldautomat,49.00947,8.40566
1131752853,Tankstelle,48.99049,8.37234
1137439476,Geldautomat,49.00701,8.40376
1108686589,Fachgeschäft,49.00042,8.40571
1058701388,Medizinischer Service,49.00119,8.33964
1110490836,Bank,49.01007,8.39328
1164824940,Postamt,49.00909,8.40077
800841281,Tankstelle,49.00914,8.39104
801780861,Apotheke,48.99699,8.39374
1104303654,Bekleidungsgeschäft,49.00627,8.39459
1131735460,Erholungsgebiet,49.02783,8.38615
1017888229,Geldautomat,48.99769,8.3717
801780841,Apotheke,48.99669,8.3539
800766282,Buchhandlung,49.00853,8.39791
898512893,Friedhof,49.03323,8.36475
1178851930,Medizinischer Service,49.01099,8.36526
1070067173,Nahverkehrsbahnhof,49.01099,8.3761
1175957350,Fachgeschäft,48.99449,8.4016
1108686591,Fachgeschäft,49.00186,8.40321
1070091398,Nahverkehrsbahnhof,49.0063,8.43171
1108687014,Fachgeschäft,49.00798,8.40963
1108710016,Fachgeschäft,49.01127,8.36197
1017890532,Bank,49.01069,8.40049
1058551465,Medizinischer Service,48.99808,8.39382
1070063446,Nahverkehrsbahnhof,49.00267,8.40327
1135083805,Restaurant,49.00884,8.39736
1010630640,Baumarkt,48.99754,8.40506
1039243182,Restaurant,49.00661,8.38169
800766538,Bank,49.00972,8.40168
1131752905,Tankstelle,48.99636,8.41006
1164922636,Fachgeschäft,49.01775,8.38087
898512271,Friedhof,49.00488,8.41804
1017890525,Geldautomat,49.01738,8.44337
1165961651,Möbel- und Einrichtungshaus,49.00515,8.39472
1192312866,Nachtleben,49.01042,8.39823
1031198246,Schule,49.01327,8.36129
1031198229,Schule,49.01719,8.38407
1132504361,Möbel- und Einrichtungshaus,49.00564,8.40312
57567919,Autohändler,49.00833,8.41715
1039212938,Restaurant,49.00546,8.34104
800752700,Sportzentrum,49.01042,8.39823
1164903087,Nachtleben,49.00511,8.39449
1148918228,Kaffeehaus,49.00077,8.39257
898116476,Historisches Bauwerk,49.0079,8.37873
1104084911,Sportfachgeschäft,49.0098,8.39911
50609439,Parkgarage,48.99919,8.38411
1112142136,Fachgeschäft,48.99285,8.39044
1110490889,Geldautomat,49.00915,8.40356
1070063447,Nahverkehrsbahnhof,49.00273,8.40311
1100919574,Fachgeschäft,49.00967,8.4019
1132232070,Möbel- und Einrichtungshaus,49.00805,8.42164
1017914839,Geldautomat,49.00899,8.41601
57563040,Restaurant,49.00269,8.39381
1174481894,fahrradleihstation,49.01162,8.40912
1039243436,Nachtleben,49.02327,8.35533
1108686583,Fachgeschäft,49.00893,8.39176
1193950720,Nachtleben,48.99419,8.39846
1104084905,Bekleidungsgeschäft,49.00874,8.40228
57552798,Nachtleben,49.01036,8.3867
1131730988,Erholungsgebiet,49.00346,8.42675
1126267044,Geldautomat,49.02919,8.38645
1039243158,Restaurant,49.01326,8.3746
1005154592,Schule,49.01407,8.43994
1039243170,Nachtleben,49.00222,8.40805
1193011353,Restaurant,48.99633,8.40844
1069815462,Autovermietung,49.0054,8.44286
50604576,Historisches Bauwerk,49.01375,8.35947
1005221348,Schule,48.98644,8.37955
1108687011,Fachgeschäft,49.00879,8.4065
898521667,Schule,49.01871,8.36612
1164824932,Postamt,49.00789,8.382
1005221512,Schule,49.02595,8.38777
57565933,Autohändler,49.01599,8.35398
1100953692,Fachgeschäft,49.00564,8.40312
1131753366,Tankstelle,48.99171,8.37507
1148924241,Restaurant,48.99993,8.38292
1024168209,Geldautomat,49.00054,8.38595
1192311791,Restaurant,49.01042,8.39823
1115848595,Geldautomat,49.00437,8.40098
1110490847,Bank,48.9888,8.3826
800764274,Buchhandlung,48.99499,8.40137
1164958750,Restaurant,49.00966,8.38636
1108712214,Fachgeschäft,49.02338,8.37352
1005231203,Schule,49.02324,8.36605
1164824934,Postamt,49.02481,8.35733
50612145,Sportzentrum,49.00324,8.40193
1011027084,Industriegebiet,48.98208,8.37504
1108687006,Fachgeschäft,49.01093,8.39911
1178852392,Medizinischer Service,49.00938,8.42444
1010054598,Fachgeschäft,48.99217,8.40211
1039880697,Restaurant,49.01091,8.40264
50604814,Historisches Bauwerk,48.98807,8.38113
1039266240,Fachgeschäft,49.00769,8.41092
1174482430,fahrradleihstation,49.01108,8.41773
1017889050,Geldautomat,49.01068,8.35932
1005229661,Schule,48.99864,8.35033
801780843,Apotheke,49.00495,8.33174
1070623356,Elektrofachmarkt,49.0098,8.39995
57563898,Restaurant,49.02829,8.35829
1031198219,Schule,48.99669,8.3539
1131722977,Erholungsgebiet,49.00544,8.35359
1058713708,Fachgeschäft,49.00773,8.38578
1135445621,Autohändler,49.03316,8.35534
1039880845,Nachtleben,49.00899,8.403
1039243398,Restaurant,49.01609,8.36228
1192311213,Restaurant,49.01022,8.39789
1039266228,Fachgeschäft,49.00564,8.40312
898517696,Schule,49.00813,8.37532
1039210458,Restaurant,49.0094,8.4077
1108687013,Fachgeschäft,48.99518,8.39019
1193011672,Restaurant,49.00619,8.38178
1174497902,fahrradleihstation,49.00707,8.37254
844320896,Restaurant,49.03398,8.39424
1024643519,Bank,49.01068,8.35932
1058556660,Medizinischer Service,49.01052,8.381
1110490873,Bank,49.00531,8.33115
1005167655,Schule,49.00372,8.3965
1039893530,Schule,49.01034,8.35542
1005223619,Schule,49.01245,8.4402
1165961640,Möbel- und Einrichtungshaus,49.01152,8.38757
800757323,Apotheke,49.00815,8.39487
1112142127,Fachgeschäft,48.99604,8.39221
1070067526,Nahverkehrsbahnhof,48.99289,8.33549
1164871054,Bekleidungsgeschäft,49.00171,8.39438
1039259863,Fachgeschäft,49.01102,8.31613
1039211644,Kaffeehaus,49.00564,8.40312
1178852031,Medizinischer Service,49.00444,8.38243
50611591,Ausstellungszentrum / Messegelände,49.00294,8.39972
1058556685,Medizinischer Service,49.00591,8.37714
1178869673,Medizinischer Service,49.00371,8.37273
1039130285,Bekleidungsgeschäft,49.00967,8.4019
1070618900,Fachgeschäft,49.00977,8.39974
50604923,Historisches Bauwerk,49.00857,8.40397
1024643604,Bank,48.98902,8.3831
800765812,Touristeninformation,49.0088,8.40407
1193011683,Restaurant,49.0113,8.36076
1017890480,Bank,49.00738,8.34261
801780829,Apotheke,48.99849,8.38603
1110490861,Geldautomat,49.02301,8.37348
995160229,Elektrofachmarkt,49.00239,8.395
50603678,Restaurant,49.00022,8.39585
1108687000,Fachgeschäft,49.01001,8.39462
1100919571,Baumarkt,49.01874,8.35673
1070066402,Nahverkehrsbahnhof,49.01002,8.39427
1112142123,Fachgeschäft,49.00955,8.42069
1011027093,Industriegebiet,49.02792,8.35287
1178852639,Medizinischer Service,49.00965,8.40311
801780840,Apotheke,49.00786,8.43155
800764295,Geldautomat,49.00749,8.39473
1193011458,Hotel,49.01275,8.37223
1104118465,Bekleidungsgeschäft,49.01015,8.39158
1108687010,Fachgeschäft,49.0102,8.3903
1104115626,Bekleidungsgeschäft,49.00931,8.39587
800766088,Restaurant,49.00225,8.40455
1193012346,Restaurant,49.01072,8.39355
1193104529,Restaurant,49.02499,8.35672
50610440,Parkgarage,49.00845,8.39304
1178852142,Medizinischer Service,49.00916,8.37057
1017393315,Parkplatz,48.99211,8.40119
1039893031,Schule,49.01437,8.39553
1132504737,Fachgeschäft,49.00564,8.40312
1193028461,Restaurant,49.00805,8.39595
801782356,Apotheke,49.01749,8.36775
1031201670,Schule,49.02358,8.37483
1039814540,Universität / Hochschule,49.00659,8.39464
1070091396,Nahverkehrsbahnhof,49.0077,8.42422
800765287,Restaurant,49.00406,8.39458
1070063450,Nahverkehrsbahnhof,49.00008,8.40318
50612683,Museum,49.01175,8.39963
1070067174,Nahverkehrsbahnhof,49.0113,8.36923
1039243141,Restaurant,49.00752,8.38921
800056144,Supermarkt,49.00561,8.41055
997869580,Autohändler,49.03247,8.35896
800753421,Apotheke,49.01008,8.39385
1100954193,Fachgeschäft,49.02795,8.34988
1058556671,Medizinischer Service,49.00306,8.40428
57564424,Kino,49.00054,8.38595
1039228303,Restaurant,49.03301,8.39147
1194474445,Erholungsgebiet,48.99475,8.40041
1193011571,Restaurant,49.01118,8.39965
1024168210,Geldautomat,49.03097,8.38627
1070085532,Nahverkehrsbahnhof,49.00869,8.41819
800763864,Apotheke,49.00769,8.41092
1039104944,Bekleidungsgeschäft,49.00564,8.40312
1100953724,Bekleidungsgeschäft,49.01042,8.39823
1005226632,Schule,49.00641,8.37821
57553313,Autohändler,48.99663,8.34614
1193011190,Restaurant,48.99155,8.38905
1010067972,Gewerbebetrieb,49.00711,8.35202
1193033703,Restaurant,49.00549,8.38321
1126266736,Bank,49.0307,8.36761
1115851474,Autoreparatur,49.03247,8.35896
1039814530,Supermarkt,49.01011,8.39239
1039814531,Museum,49.00374,8.33337
1148940844,Polizeistation,49.01384,8.35502
50610461,Parkgarage,49.01032,8.40238
1104075167,Bekleidungsgeschäft,49.00503,8.4464
1131722969,Erholungsgebiet,49.00479,8.34626
1108686604,Fachgeschäft,49.00696,8.39127
1058540852,Medizinischer Service,48.99449,8.39449
1110490884,Bank,49.00785,8.37957
1131722974,Friedhof,49.00553,8.35496
1039814534,Museum,49.00237,8.40731
1031198221,Schule,49.01966,8.38692
1178852189,Medizinischer Service,49.01261,8.36898
1070085734,Nahverkehrsbahnhof,49.0137,8.42948
1193011709,Restaurant,49.01016,8.39213
57556144,Kino,49.01039,8.39655
1005228911,Schule,48.99863,8.38715
1178852004,Medizinischer Service,49.00371,8.37273
800766372,Restaurant,49.00816,8.40952
1039878916,Apotheke,49.01151,8.36397
50603831,Restaurant,49.00787,8.40373
1070447698,Bekleidungsgeschäft,49.01001,8.39462
1058544184,Medizinischer Service,49.03076,8.36632
1131731033,Erholungsgebiet,49.01033,8.38872
1132504365,Bürobedarf,49.00564,8.40312
1017555764,Parkgarage,49.01092,8.40458
1193025364,Restaurant,49.00568,8.40673
1039210469,Restaurant,49.0095,8.40511
1165537527,Geldautomat,49.0053,8.41433
57564423,Parkgarage,49.00007,8.38465
1017890477,Geldautomat,48.99806,8.34983
1166381202,Kaffeehaus,49.00417,8.40761
1039257764,Hotel,49.01135,8.35968
1132035568,Sportfachgeschäft,49.01104,8.35306
1005227588,Schule,49.00472,8.32841
1039893027,Schule,49.01407,8.43994
51773558,Restaurant,48.99507,8.40195
1193032992,Restaurant,49.0101,8.39328
1178850921,Medizinischer Service,49.00292,8.33605
1023826374,Bank,48.99635,8.40483
1010718008,Verbrauchermarkt,49.00967,8.4019
1011023695,Industriegebiet,48.99084,8.37193
1131716845,Erholungsgebiet,49.02253,8.36373
1109981878,Taxistand,49.00899,8.41605
50603616,Restaurant,49.00862,8.37521
800056127,Einkaufszentrum,49.01005,8.39348
1113027304,Supermarkt,48.99806,8.34983
1005222842,Schule,49.03213,8.38635
1017027839,Parkplatz,48.99158,8.39815
1070132235,Nahverkehrsbahnhof,48.99366,8.39653
50604392,Historisches Bauwerk,49.00915,8.41898
898116477,Andachtsort,49.0079,8.37873
1039243400,Restaurant,49.00078,8.35122
801779391,Andachtsort,48.98807,8.38113
50613045,Kaffeehaus,49.00694,8.39482
1104101725,Bekleidungsgeschäft,49.00564,8.40312
1011014060,Restaurant,49.01253,8.42645
800056137,Buchhandlung,49.00564,8.40332
1110559608,Bank,49.002,8.39444
1132034818,Sportfachgeschäft,49.01114,8.4389
50605392,Hotel,49.00027,8.3957
1039893098,Schule,49.01524,8.37437
1200702930,Parkplatz,49.00923,8.43986
1109989086,Taxistand,48.99865,8.3887
1174481853,fahrradleihstation,49.01443,8.39407
1005227354,Schule,48.99675,8.39829
1112147804,Fachgeschäft,49.02802,8.37241
1116117429,Geldautomat,48.9988,8.38437
1039240966,Restaurant,48.99439,8.3959
800756859,Apotheke,49.00749,8.39488
1110490862,Bank,49.02301,8.37348
1148908266,Restaurant,49.0088,8.40407
1164922631,Fachgeschäft,48.99457,8.39969
1039814537,Museum,49.00742,8.40047
1108686599,Fachgeschäft,49.00145,8.39282
1039263457,Fachgeschäft,49.00189,8.39199
1039307724,Schule,49.01221,8.39613
1104303645,Bekleidungsgeschäft,49.01001,8.39462
1070084708,Nahverkehrsbahnhof,49.01552,8.37517
1039266243,Fachgeschäft,48.99277,8.39251
1017621205,Gerichtsgebäude,49.01274,8.38418
800758515,Bank,49.01167,8.39526
1148908854,Restaurant,49.0031,8.35591
1132504368,Bekleidungsgeschäft,49.00564,8.40312
1010054607,Fachgeschäft,48.99449,8.4016
800106337,Autoreparatur,49.00838,8.41704
1144538115,Parkgarage,49.00897,8.40994
1174481851,fahrradleihstation,49.013,8.44351
801780821,Apotheke,49.0111,8.36895
1132504369,Bekleidungsgeschäft,49.00564,8.40312
50605104,Hotel,49.00705,8.39111
800755673,Schule,49.01086,8.41046
1010260353,Gewerbebetrieb,49.01354,8.42825
1097181939,Autoreparatur,49.01717,8.35321
1108687029,Fachgeschäft,49.00829,8.36799
50612060,Sportzentrum,49.00036,8.36866
1142400723,Supermarkt,49.00813,8.3861
50613804,Sportanlagen,48.99707,8.37751
57567328,Autohändler,49.00838,8.41704
1104118468,Bekleidungsgeschäft,49.00985,8.39889
1039823171,Andachtsort,49.03448,8.37122
1001361207,Parkplatz,48.99332,8.3975
1011542526,Bekleidungsgeschäft,48.99171,8.37507
1039892650,Schule,49.0049,8.32624
1001493076,Supermarkt,49.00134,8.39427
1070455913,Elektrofachmarkt,49.01002,8.39533
1005226100,Schule,49.00974,8.38182
1039815629,Andachtsort,48.9912,8.392
801780826,Apotheke,48.99843,8.39027
1039212929,Restaurant,48.99839,8.4043
1039823172,Andachtsort,49.01092,8.36522
1039165971,Restaurant,49.0024,8.40328
800762340,Geldautomat,49.00832,8.40205
50605161,Hotel,49.00799,8.39152
57568309,Autovermietung,49.02765,8.3503
1193944844,Kaffeehaus,49.00896,8.42366
1017890471,Geldautomat,49.00957,8.40444
57569334,Postamt,49.00418,8.33323
1193011107,Hotel,48.99469,8.39163
1039130164,Bekleidungsgeschäft,49.00564,8.40312
1039243401,Restaurant,49.00095,8.35161
1164921074,Gewerbebetrieb,49.01055,8.38794
57553100,Einkaufszentrum,49.01021,8.39648
998237675,Schule,49.00429,8.39498
57554191,Autohändler,49.00833,8.41715
800766376,Bibliothek,49.00869,8.4001
996412110,Schule,49.02677,8.38814
1163982617,Autoreparatur,49.00806,8.44297
1048143912,Bahnhof,49.01437,8.35209
50604874,Historisches Bauwerk,49.01338,8.40454
1193011971,Restaurant,49.01178,8.39809
50610631,P+R,48.99673,8.37938
1039877200,Apotheke,49.002,8.39444
1131725551,Erholungsgebiet,49.0008,8.34099
1069815455,Autovermietung,49.02636,8.35758
1194474414,Historisches Bauwerk,48.99475,8.40041
1011540996,Bekleidungsgeschäft,49.00983,8.39853
1178851816,Medizinischer Service,49.03073,8.36678
800762209,Apotheke,49.00137,8.40813
1193013391,Restaurant,49.02353,8.366
801780832,Apotheke,49.03068,8.36807
1005220932,Schule,48.9989,8.38182
1131752723,Tankstelle,49.007,8.34539
1108695021,Fachgeschäft,48.99832,8.39593
1005155878,Schule,48.99965,8.34065
1137321228,Gewerbebetrieb,49.01006,8.42572
1024643605,Bank,49.00819,8.37607
1010161345,Geldautomat,49.0113,8.36077
1122822085,Touristeninformation,49.00784,8.42399
1192311698,Restaurant,49.01015,8.39778
57553314,Autohändler,49.00795,8.37776
1174491660,fahrradleihstation,49.0203,8.38501
1174481807,fahrradleihstation,49.00712,8.40276
1017890521,Geldautomat,48.99156,8.38906
1104115630,Bekleidungsgeschäft,49.01017,8.39652
1174481933,fahrradleihstation,48.99771,8.39316
801780591,Apotheke,49.00484,8.44622
1176630037,Parkplatz,49.01103,8.39791
1178851948,Medizinischer Service,49.0112,8.36135
1192336289,Nachtleben,48.99736,8.41078
1178869538,Medizinischer Service,49.0112,8.36135
50605197,Hotel,49.00269,8.39381
1192311591,Sportzentrum,49.01015,8.39778
1142398086,Supermarkt,49.00973,8.42355
1148121265,Bekleidungsgeschäft,49.00988,8.39815
800748202,Apotheke,49.00744,8.38977
1132504376,Bekleidungsgeschäft,49.00564,8.40312
1039130162,Bekleidungsgeschäft,49.00564,8.40312
50603940,Restaurant,48.9917,8.39261
1148861305,Autovermietung,48.99446,8.40148
1110490848,Geldautomat,48.9888,8.3826
1108686984,Fachgeschäft,49.01035,8.39821
57561537,Restaurant,49.00957,8.40461
1178852070,Medizinischer Service,49.01079,8.38956
1039206618,Autoreparatur,49.03247,8.35896
1058556676,Medizinischer Service,49.00883,8.37241
1024643699,Bank,49.00578,8.41369
1039262367,Fachgeschäft,49.00404,8.40652
1131725550,Erholungsgebiet,48.99427,8.35936
1039243166,Nachtleben,49.00795,8.38958
57561703,Autohändler,49.03312,8.35929
1131730990,Erholungsgebiet,49.00664,8.4153
1039286569,Supermarkt,48.99499,8.40137
800766609,Buchhandlung,49.00987,8.39757
1174481893,fahrradleihstation,49.01996,8.42148
1132504724,Bekleidungsgeschäft,49.00564,8.40312
1010086613,Gewerbebetrieb,49.01005,8.35434
1108685042,Fachgeschäft,48.99171,8.37507
1039880842,Restaurant,49.00739,8.41918
1132504727,Bekleidungsgeschäft,49.00564,8.40312
57569329,Postamt,49.00484,8.44622
1132034814,Sportfachgeschäft,48.9974,8.40429
800761204,Restaurant,49.01042,8.39823
1148490485,Gewerbebetrieb,49.00943,8.42435
1131753206,Tankstelle,49.01092,8.35768
1131722970,Erholungsgebiet,49.00761,8.33726
57562999,Restaurant,49.01447,8.35174
1176754328,Autoreparatur,49.02931,8.3704
1011104677,Supermarkt,49.00482,8.44626
1039266217,Supermarkt,49.00784,8.43925
1017889010,Bank,49.01113,8.36086
1017890481,Geldautomat,49.00738,8.34261
1070132239,Nahverkehrsbahnhof,48.99223,8.40165
800756416,Buchhandlung,49.00973,8.40051
1174481976,fahrradleihstation,49.00114,8.38454
1010054605,Kaffeehaus,48.99449,8.4016
979355721,Elektrofachmarkt,49.00564,8.40312
1039263458,Fachgeschäft,49.01123,8.3603
998657226,Bowling / Kegeln,49.02317,8.35529
1001493866,Supermarkt,49.00999,8.38185
50614181,Theater,49.01044,8.38464
1148908265,Nachtleben,49.009,8.39155
800759938,Apotheke,49.00913,8.4086
1104303630,Bekleidungsgeschäft,49.00564,8.40312
1192311720,Schule,49.00881,8.39704
800749045,Museum,49.01118,8.39515
1070132232,Nahverkehrsbahnhof,48.99444,8.40005
57563181,Restaurant,48.99449,8.4016
1108705502,Fachgeschäft,48.99589,8.40533
800752794,Bank,49.00909,8.40411
801780859,Apotheke,48.99899,8.40824
1104303631,Bekleidungsgeschäft,49.00564,8.40312
1011541580,Bekleidungsgeschäft,49.00946,8.40624
1178851694,Medizinischer Service,49.01491,8.37513
800759072,Restaurant,49.00721,8.40265
1039243405,Restaurant,48.99612,8.39158
1099935285,Möbel- und Einrichtungshaus,49.00393,8.44439
1001025595,Hotel,49.00134,8.39427
1039782028,Bekleidungsgeschäft,49.00564,8.40312
57540923,Restaurant,49.0077,8.39518
998045415,Autohändler,49.02129,8.35218
1110490530,Geldautomat,49.00497,8.41028
1110490874,Geldautomat,49.00531,8.33115
1039266237,Fachgeschäft,48.99989,8.39401
1161795126,Restaurant,49.00153,8.36663
1108709985,Fachgeschäft,49.00564,8.41608
800758630,Bibliothek,49.01118,8.39515
801780328,Andachtsort,49.0136,8.35933
1144513604,Restaurant,48.99794,8.39381
1017621226,Gerichtsgebäude,49.00673,8.39582
1039823167,Andachtsort,49.00593,8.32628
1039893028,Schule,49.00694,8.40996
1141520354,Geldautomat,49.00874,8.40228
1039130286,Hotel,49.01299,8.39345
1148865257,fahrradleihstation,48.99437,8.40248
1039212963,Restaurant,48.99312,8.35392
57564426,Restaurant,49.00054,8.38595
1070063448,Nahverkehrsbahnhof,49.00473,8.40348
1039266224,Fachgeschäft,49.00877,8.3976
50606034,Hotel,49.00966,8.38636
50610483,Parkgarage,49.01345,8.4205
1017555763,Parkgarage,49.01092,8.40413
50609430,Parkplatz,49.00478,8.44302
1039880699,Restaurant,49.00888,8.39835
1070067169,Nahverkehrsbahnhof,49.01073,8.35977
1058556686,Medizinischer Service,49.00533,8.39716
800748874,Geldautomat,49.00861,8.40064
1024168211,Geldautomat,49.01524,8.37437
1005224146,Schule,49.00677,8.368
1070084712,Nahverkehrsbahnhof,49.0302,8.37618
1110490529,Bank,49.00497,8.41028
1178852560,Medizinischer Service,48.99914,8.39393
1070067520,Nahverkehrsbahnhof,49.00153,8.34515
57561520,Nachtleben,49.00914,8.39104
1039251417,Buchhandlung,49.00988,8.39815
1178892196,Autoreparatur,49.0187,8.35485
1149534815,Parkplatz,49.01158,8.4089
50604284,Restaurant,49.01459,8.36024
1166607058,Geldautomat,49.00403,8.42021
1192291931,Fachgeschäft,49.00777,8.43923
1039260437,Fachgeschäft,49.00905,8.41501
1039259843,Fachgeschäft,49.01097,8.34745
1058556682,Medizinischer Service,49.01039,8.38557
1164824931,Postamt,48.99599,8.3939
1193011592,Restaurant,49.01272,8.3585
1023817568,LKW Händler,48.99695,8.34609
1039266223,Fachgeschäft,49.00522,8.35057
1132207591,Sportfachgeschäft,49.02668,8.39039
1193012213,Restaurant,49.01396,8.43092
1039818394,Andachtsort,48.99864,8.35033
1161506866,Tankstelle,48.99803,8.3498
1137762518,Medizinischer Service,49.00895,8.39701
1010054597,Fachgeschäft,48.99217,8.40211
1116117430,Geldautomat,49.00145,8.40747
1031198212,Schule,49.00368,8.34599
1131716847,Erholungsgebiet,49.019,8.37604
1164824939,Postamt,49.00168,8.41312
1058556491,Medizinischer Service,49.005,8.39806
1132504731,Fachgeschäft,49.00564,8.40312
1024643700,Bank,49.01035,8.42339
57569337,Postamt,49.0173,8.44329
1178852316,Medizinischer Service,49.00141,8.40457
1017154917,Bank,49.00801,8.39428
1148921125,Nachtleben,49.0094,8.37546
800755773,Andachtsort,49.00948,8.40527
1174482180,fahrradleihstation,48.99423,8.3966
1010736454,Sportfachgeschäft,49.00974,8.40116
800750586,Restaurant,49.00937,8.41054
801780834,Apotheke,49.01087,8.42361
800764452,Restaurant,49.00454,8.40325
1178727577,Bahnhof,48.99434,8.4025
1017890505,Bank,49.01038,8.38415
50611214,Theater,49.01044,8.38464
57563048,Hotel,49.01253,8.42645
1039266233,Fachgeschäft,48.9938,8.33638
1024643544,Bank,49.0209,8.38655
1108687025,Fachgeschäft,49.00953,8.42328
1048143932,Bahnhof,49.00121,8.36315
800056136,Apotheke,49.00564,8.40332
1178851191,Medizinischer Service,48.9982,8.39383
1193012303,Restaurant,49.00016,8.40822
1031198251,Schule,49.01642,8.42394
1193019262,Restaurant,49.00884,8.38963
1024643682,Bank,49.00515,8.39473
1159534505,Autovermietung,49.01044,8.38464
1058544180,Medizinischer Service,49.01459,8.37841
1193012410,Restaurant,49.01127,8.39652
57565932,Autohändler,48.99634,8.41005
1031795144,Restaurant,49.01677,8.36119
1100438750,Fachgeschäft,49.00974,8.40031
57562808,Restaurant,49.00929,8.39605
1058545329,Medizinischer Service,48.99901,8.38622
800851021,Parkgarage,49.01092,8.40403
1193021278,Restaurant,49.01249,8.35706
1192311340,Restaurant,49.01022,8.39789
1131716904,Erholungsgebiet,49.01248,8.37063
1193809863,Restaurant,49.0087,8.41787
1039880514,Autovermietung,49.02795,8.34988
1039321009,Kaffeehaus,48.99449,8.4016
1193011247,Restaurant,48.99876,8.41066
1193011585,Restaurant,49.00522,8.38179
1017393316,Parkplatz,48.99168,8.39943
1005228557,Schule,49.00773,8.40893
1164975333,Fachgeschäft,49.00979,8.40002
50610381,Parkgarage,49.00757,8.39568
800765758,Bank,49.00947,8.40687
1039266234,Fachgeschäft,49.00548,8.33138
898520336,Schule,49.02676,8.39038
1070063451,Nahverkehrsbahnhof,48.99977,8.40309
1115829240,Geldautomat,49.00578,8.41369
1070067179,Nahverkehrsbahnhof,49.01136,8.36448
1141453848,Autoreparatur,49.03317,8.35535
1164903342,Restaurant,49.01001,8.39462
800056138,Buchhandlung,49.00564,8.40332
1039104950,Bekleidungsgeschäft,49.00976,8.39999
800851765,Parkgarage,49.00568,8.40202
1023843397,Geldautomat,49.00744,8.39847
1165144561,Supermarkt,48.99107,8.37486
1108687007,Fachgeschäft,49.01072,8.39884
1040338489,Medizinischer Service,49.00984,8.39905
1115829589,Geldautomat,49.02038,8.44106
1165767382,Autovermietung,49.00493,8.41594
1132207263,Sportfachgeschäft,49.01067,8.40127
1132504725,Bekleidungsgeschäft,49.00564,8.40312
1163236434,Supermarkt,49.03137,8.3942
1070075893,Nahverkehrsbahnhof,49.01335,8.35452
1132231324,Möbel- und Einrichtungshaus,48.98919,8.37319
1178852672,Medizinischer Service,49.0007,8.40485
1193145827,Restaurant,49.00301,8.40192
1039892566,Schule,49.01315,8.39492
1058556703,Medizinischer Service,49.00974,8.40031
1098053804,Fachgeschäft,49.01001,8.39976
1131716848,Erholungsgebiet,49.02353,8.366
1039893717,Supermarkt,49.0054,8.33259
1104117072,Bekleidungsgeschäft,49.00795,8.39446
1135005148,Baumarkt,49.0084,8.43954
1058650195,Autoreparatur,49.03247,8.35896
1178851567,Medizinischer Service,48.9988,8.40368
1108686619,Fachgeschäft,48.99428,8.39718
1110490838,Geldautomat,49.01133,8.36437
800753225,Restaurant,49.01002,8.3955
1024125953,Supermarkt,48.99619,8.40993
50613043,Restaurant,49.01094,8.37169
1104303627,Bekleidungsgeschäft,49.00564,8.40312
57567729,Botschaft,49.01133,8.43513
1039240970,Restaurant,49.00828,8.3728
1137426134,Geldautomat,49.01011,8.42408
50605752,Hotel,49.01297,8.39321
800766169,Schule,49.00723,8.40789
1070084710,Nahverkehrsbahnhof,49.01925,8.37549
1131731032,Erholungsgebiet,49.00597,8.39904
1011026856,Industriegebiet,49.0076,8.44418
800758882,Restaurant,49.00939,8.40882
1126266735,Geldautomat,49.0307,8.36761
1005220401,Schule,49.00741,8.4131
1058544212,Medizinischer Service,49.0054,8.33259
1005160049,Schule,49.01516,8.36655
1058556702,Medizinischer Service,49.00144,8.40706
1193028807,Restaurant,49.00475,8.41641
1148725234,Fachgeschäft,49.00938,8.39648
1031198211,Schule,48.99643,8.3388
1058556664,Medizinischer Service,49.0104,8.38366
1132504358,Sportfachgeschäft,49.00564,8.40312
1164819836,Restaurant,49.01044,8.38464
1163982616,Autohändler,49.00806,8.44297
1039210474,Restaurant,49.01076,8.35591
1174482000,fahrradleihstation,49.00543,8.39476
1070067525,Nahverkehrsbahnhof,48.99923,8.34122
800759723,Restaurant,49.00826,8.40292
1193033995,Restaurant,49.01313,8.35574
800752737,Apotheke,49.00143,8.40669
1070418530,Bürobedarf,49.00503,8.4464
1165961624,Baumarkt,49.01728,8.34632
1058556679,Medizinischer Service,49.01479,8.44569
1100918920,Fachgeschäft,48.99863,8.34731
801778731,Apotheke,49.01037,8.38626
1100919562,Möbel- und Einrichtungshaus,49.00564,8.40312
57553199,Tankstelle,49.01584,8.39799
1100155622,Supermarkt,49.01068,8.35351
1024177316,Autoreparatur,48.98902,8.37342
1148753276,Autoreparatur,49.01109,8.35745
57556272,Tankstelle,49.01107,8.37509
50606082,Hotel,48.99507,8.40195
800748746,Restaurant,49.00832,8.39767
800751253,Apotheke,49.01007,8.39423
1108686991,Fachgeschäft,49.01332,8.35556
800764690,Restaurant,49.00419,8.39783
1132504362,Fachgeschäft,49.00564,8.40312
1112532961,Parkgarage,49.00241,8.38185
1109994689,Taxistand,49.00389,8.40185
1100919582,Möbel- und Einrichtungshaus,49.01001,8.39462
1039104942,Bekleidungsgeschäft,49.00949,8.40635
1024126489,Supermarkt,49.01001,8.39462
1039880847,Kaffeehaus,49.01119,8.39966
800765870,Restaurant,49.0089,8.39565
57569330,Postamt,48.99242,8.38594
1017890506,Geldautomat,49.0104,8.38366
1132504733,Bekleidungsgeschäft,49.00564,8.40312
57561448,Tankstelle,49.00563,8.37901
1192311739,Restaurant,49.00944,8.40744
1112142139,Fachgeschäft,49.00236,8.38232
50614180,Theater,49.00764,8.35642
1130109446,Autoreparatur,49.03247,8.35896
1039212931,Restaurant,49.0101,8.40519
1039782030,Supermarkt,49.01708,8.36245
50603204,Tankstelle,49.00471,8.38696
1039816064,Andachtsort,48.99084,8.35385
1058556694,Medizinischer Service,48.9955,8.4022
1192310659,Restaurant,49.00938,8.40909
800764596,Supermarkt,49.00884,8.39736
800761878,Restaurant,49.00403,8.4064
50604934,Historisches Bauwerk,49.00813,8.39976
1148490524,Gewerbebetrieb,48.99716,8.40961
1011023692,Industriegebiet,49.0051,8.31847
1141520355,Gewerbebetrieb,49.0103,8.42341
1132034817,Sportfachgeschäft,49.00934,8.38972
1104101723,Bekleidungsgeschäft,49.00564,8.40312
1005232594,Baumarkt,48.99834,8.35671
50610368,Parkgarage,49.00784,8.41084
50605757,Hotel,49.00787,8.40373
1005231257,Schule,49.01418,8.44634
57563179,Restaurant,48.99049,8.37234
1132269870,Möbel- und Einrichtungshaus,48.99463,8.39674
1162003920,Autohändler,49.00971,8.44279
1070067518,Nahverkehrsbahnhof,49.0052,8.34984
800763961,Andachtsort,49.00857,8.40397
50610669,P+R,48.99796,8.33832
1131730631,Erholungsgebiet,49.01188,8.43972
1178850972,Medizinischer Service,48.99035,8.38437
1039880309,Polizeistation,48.98839,8.37868
1132504732,Kaffeehaus,49.00564,8.40312
1039815346,Andachtsort,49.03369,8.37365
50611977,Sportzentrum,49.01332,8.34689
50602851,Tankstelle,49.00779,8.42283
1039892651,Schule,49.00896,8.36326
800752839,Apotheke,49.00267,8.40331
1070455915,Elektrofachmarkt,48.99215,8.3723
1108686623,Fachgeschäft,49.00931,8.39587
800851058,Parkgarage,49.01071,8.40129
1110490837,Bank,49.01133,8.36437
1070132236,Nahverkehrsbahnhof,48.99409,8.39566
1100436680,Fachgeschäft,49.00564,8.40312
800056133,Restaurant,49.00564,8.40332
1039130288,Bekleidungsgeschäft,49.00998,8.39545
1039243139,Restaurant,49.00879,8.37608
1039257740,Restaurant,49.03137,8.37228
1131716846,Erholungsgebiet,49.02616,8.36565
1144514063,Autoreparatur,48.99947,8.36249
1039823164,Andachtsort,48.99426,8.39006
1108686588,Fachgeschäft,49.00228,8.39583
1039243157,Nachtleben,49.00824,8.41466
1070085531,Nahverkehrsbahnhof,49.00886,8.41827
50611594,Ausstellungszentrum / Messegelände,49.00294,8.39972
1132504367,Elektrofachmarkt,49.00564,8.40312
1039165689,Restaurant,49.00831,8.4212
1178852496,Medizinischer Service,49.00314,8.40443
1039212952,Restaurant,48.99914,8.40604
1070085733,Nahverkehrsbahnhof,49.01364,8.42958
1165961610,Baumarkt,48.99886,8.3469
1192103982,Autoreparatur,49.03312,8.35929
1039814979,Theater,49.00888,8.39835
1001492306,Supermarkt,49.0001,8.3386
50605525,Hotel,49.00845,8.43009
1111956122,Verbrauchermarkt,49.01144,8.36219
1113022416,Autoreparatur,49.00782,8.38286
1130109447,Autohändler,49.03247,8.35896
1148918230,Restaurant,49.00099,8.38873
1039814535,Universität / Hochschule,49.01295,8.38773
1131735461,Erholungsgebiet,48.99763,8.39334
1178852364,Medizinischer Service,49.00314,8.40443
1112142131,Fachgeschäft,49.0047,8.33119
1108686606,Fachgeschäft,49.00834,8.42734
1103746351,Buchhandlung,49.01001,8.39462
1039263440,Fachgeschäft,49.00909,8.41027
1108712200,Fachgeschäft,49.03379,8.37469
1011027089,Industriegebiet,49.00109,8.35867
1039893029,Schule,48.99876,8.38419
1178868046,Medizinischer Service,49.00209,8.34543
1039104945,Bekleidungsgeschäft,49.00564,8.40312
50605127,Hotel,49.00546,8.42331
1108686998,Fachgeschäft,49.00944,8.40772
1174481847,fahrradleihstation,48.99468,8.40031
1005358211,Geldautomat,48.99217,8.40211
1193011721,Restaurant,49.02262,8.3738
1193011129,Restaurant,48.98877,8.37706
800056135,Apotheke,49.00564,8.40312
1010054604,Kaffeehaus,48.99443,8.40134
1178852284,Medizinischer Service,49.00796,8.39574
1017890503,Geldautomat,49.00819,8.37607
1108694987,Fachgeschäft,49.01129,8.3567
1039104941,Bekleidungsgeschäft,49.00972,8.40168
1165777086,Andachtsort,49.00787,8.42353
1058544204,Medizinischer Service,49.01422,8.42282
1039257285,Nachtleben,49.01071,8.39351
1174482132,fahrradleihstation,49.00964,8.35488
1039243179,Nachtleben,49.01051,8.40703
800851062,Parkgarage,49.00831,8.40018
50605091,Hotel,49.01094,8.37169
1039823168,Andachtsort,49.01281,8.44062
800763712,Restaurant,48.9985,8.40382
1024643590,Bank,49.00144,8.40706
1017621252,Fachgeschäft,49.00422,8.33024
1138941532,Autohändler,49.03228,8.35886
1017621239,Gerichtsgebäude,49.01268,8.38506
1108687017,Fachgeschäft,49.01149,8.36277
1192920203,Nachtleben,49.01016,8.42486
1039814539,Museum,49.00053,8.38298
801780860,Apotheke,48.99366,8.38996
1132504373,Fachgeschäft,49.00564,8.40312
1039266248,Fachgeschäft,48.99957,8.39436
1108696558,Fachgeschäft,48.9944,8.39758
57568337,Autoreparatur,49.03408,8.35712
800056143,Apotheke,49.00561,8.41055
1039880844,Nachtleben,49.00679,8.41239
1193011433,Restaurant,49.00439,8.38397
51773560,Restaurant,49.00764,8.35642
1108536937,Fachgeschäft,49.00964,8.38176
1193012433,Restaurant,49.00752,8.4189
50605133,Hotel,49.00963,8.40371
1148725232,Fachgeschäft,49.00998,8.39529
1039814541,Universität / Hochschule,49.00488,8.42677
1179906177,Supermarkt,49.00293,8.41575
1039275844,Fachgeschäft,48.99171,8.37507
1017621219,Bibliothek,49.00822,8.39935
1164824945,Postamt,49.00454,8.3937
1178879795,Medizinischer Service,49.01289,8.44105
1039266221,Fachgeschäft,49.0021,8.40324
1164903088,Restaurant,49.00765,8.40763
1039814533,Baumarkt,49.01789,8.35518
57567920,Autoreparatur,49.00833,8.41715
1039266252,Fachgeschäft,48.99677,8.36029
50612542,Museum,49.01119,8.39966
1138938048,Autoreparatur,49.03228,8.35886
1070132233,Nahverkehrsbahnhof,48.99519,8.40388
1108686593,Fachgeschäft,48.98939,8.38391
1108536738,Fachgeschäft,49.02256,8.37394
1138941531,Autoreparatur,49.03228,8.35886
57568239,Hotel,49.00308,8.40193
1070067527,Nahverkehrsbahnhof,48.99325,8.33548
1104303665,Möbel- und Einrichtungshaus,49.00994,8.39646
1048203443,Elektrofachmarkt,49.00482,8.44626
1104303590,Bekleidungsgeschäft,49.00702,8.39483
1104115627,Bekleidungsgeschäft,49.00627,8.39459
1039266215,Fachgeschäft,49.00849,8.37951
1192311677,Restaurant,49.00939,8.40882
50604186,Restaurant,49.00927,8.33366
1070455924,Elektrofachmarkt,49.00971,8.40194
1039893319,Schule,49.01222,8.44592
1131727369,Erholungsgebiet,48.99173,8.3937
57563303,Autohändler,49.00808,8.39708
1165351148,Apotheke,48.99724,8.35888
1131716919,Erholungsgebiet,49.01341,8.35915
1031175682,Restaurant,48.99761,8.34699
1132504364,Fachgeschäft,49.00564,8.40312
1108687033,Fachgeschäft,49.00787,8.38184
1039266230,Fachgeschäft,48.98887,8.3827
1039893531,Schule,48.99786,8.37914
800763380,Restaurant,49.00828,8.39659
1108706028,Fachgeschäft,49.00801,8.39428
1108686614,Fachgeschäft,49.00975,8.39715
1131716827,Erholungsgebiet,49.03229,8.36404
50613049,Restaurant,48.99475,8.40041
1178852241,Medizinischer Service,49.00533,8.39893
1193012045,Andere Unterkünfte,49.0107,8.39683
1070085735,Nahverkehrsbahnhof,49.02076,8.44471
1005162389,Schule,48.98839,8.37868
1108694946,Fachgeschäft,49.02795,8.34988
800766681,Geldautomat,48.9951,8.40365
1039880703,Restaurant,49.0073,8.41403
1017154881,Geldautomat,49.01185,8.35861
1110491105,Bank,48.99508,8.38889
1179906945,Medizinischer Service,49.00957,8.40444
1110490844,Geldautomat,48.99581,8.35307
1039814903,Nachtleben,49.0114,8.34801
800749609,Bank,49.00857,8.39508
800760539,Apotheke,49.00941,8.39506
1017890486,Bank,49.00931,8.40979
1112142141,Fachgeschäft,49.00867,8.42373
1039814529,Universität / Hochschule,49.00209,8.38316
1039263474,Fachgeschäft,49.00956,8.40479
57565729,Tankstelle,49.02481,8.35734
800765290,Restaurant,49.00877,8.39543
1058556710,Medizinischer Service,49.01289,8.36932
1024126488,Supermarkt,49.0092,8.43782
1070118303,Autohändler,49.00806,8.44297
1058556701,Medizinischer Service,49.01208,8.35919
1070132237,Nahverkehrsbahnhof,49.00197,8.36287
50604759,Historisches Bauwerk,49.01118,8.39515
800761425,Andachtsort,49.00395,8.39458
1048476366,Gewerbebetrieb,49.00467,8.37963
1104303629,Bekleidungsgeschäft,49.00564,8.40312
50603529,Tankstelle,49.02931,8.3704
1070067170,Nahverkehrsbahnhof,49.01055,8.38696
800765857,Polizeistation,49.00785,8.40377
1017154916,Geldautomat,49.00801,8.39428
1192291858,Andachtsort,49.00752,8.43912
1166074821,Andachtsort,49.0183,8.44486
1005358213,Bank,48.99217,8.40211
57561539,Restaurant,49.00952,8.40545
800765315,Geldautomat,49.01167,8.39526
1070084709,Nahverkehrsbahnhof,49.01928,8.37524
1193011254,Hotel,48.99819,8.40395
50612481,Krankenhaus,48.99974,8.37944
1040338490,Medizinischer Service,49.00942,8.38973
50614182,Theater,49.01044,8.38464
1039243172,Restaurant,49.0115,8.36296
1178887218,Medizinischer Service,49.01289,8.44105
800851109,Historisches Bauwerk,49.01327,8.39895
1023773445,Hotel,48.9951,8.40365
1104101722,Bekleidungsgeschäft,49.00564,8.40312
1161857395,Apotheke,49.00189,8.41544
1070091402,Nahverkehrsbahnhof,49.00441,8.44107
1104303588,Bekleidungsgeschäft,49.00687,8.39481
1108696543,Fachgeschäft,49.01048,8.39514
1178851649,Medizinischer Service,49.00744,8.38977
1039321076,Kaffeehaus,49.01437,8.35209
1039251454,Buchhandlung,49.00935,8.40978
1142397581,Supermarkt,49.02972,8.37487
800759296,Apotheke,49.00957,8.40444
800753879,Restaurant,49.01174,8.39396
1039266259,Fachgeschäft,49.00953,8.42328
1161465066,Restaurant,48.99419,8.39846
1058556696,Medizinischer Service,49.00752,8.38922
1100919588,Möbel- und Einrichtungshaus,49.00393,8.44439
1039880516,Polizeistation,49.01513,8.37618
1164824935,Postamt,49.01059,8.37949
898517162,Bank,49.01082,8.35999
1058556691,Medizinischer Service,49.01075,8.37612
1192311628,Restaurant,49.01042,8.39823
1070091399,Nahverkehrsbahnhof,49.00614,8.43193
1039212923,Restaurant,49.00656,8.40592
800766758,Restaurant,49.00819,8.38957
1039893525,Schule,48.99854,8.38823
800749510,Apotheke,49.00986,8.39874
1070084711,Nahverkehrsbahnhof,49.02412,8.37533
1039816420,Andachtsort,49.01653,8.38231
1070623666,Elektrofachmarkt,49.01126,8.36184
1023826376,Geldautomat,48.99703,8.4044
1104074258,Sportzentrum,49.00825,8.38156
1039893134,Schule,49.00777,8.41509
1141520353,Bank,49.00874,8.40228
51774481,Historisches Bauwerk,49.00858,8.40367
1108687002,Fachgeschäft,49.01061,8.42195
1058556665,Medizinischer Service,49.01042,8.38305
1108398605,Sportfachgeschäft,49.00739,8.39607
800760220,Geldautomat,49.00857,8.39508
1039266232,Fachgeschäft,49.01028,8.4257
1174481980,fahrradleihstation,49.01072,8.40508
1058541577,Medizinischer Service,49.00927,8.39065
1104118467,Bekleidungsgeschäft,49.0042,8.3946
1024168212,Geldautomat,49.01035,8.42339
898512895,Friedhof,49.01609,8.44713
1192830165,Restaurant,48.99736,8.41078
1017433705,Hotel,49.02904,8.34902
1161792129,Parkgarage,49.00069,8.40419
1070156886,Restaurant,49.01107,8.39518
1104084904,Fachgeschäft,49.00972,8.40079
1194143015,Autoreparatur,49.01347,8.32294
1017890546,Geldautomat,49.0041,8.33338
800764041,Supermarkt,49.00511,8.39449
1164958751,Nachtleben,49.00134,8.39427
1023773293,LKW Händler,49.00833,8.41715
1039243132,Restaurant,49.00696,8.39127
1108686980,Fachgeschäft,49.01413,8.36111
57569325,Postamt,48.99515,8.40388
1178850867,Medizinischer Service,49.00384,8.33693
1137459219,Bank,49.01011,8.42408
1039892865,Schule,49.01222,8.44592
1001492216,Supermarkt,49.01136,8.3574
1161464781,Autovermietung,49.01872,8.35226
1070067176,Nahverkehrsbahnhof,49.01069,8.38147
1040338486,Medizinischer Service,49.00638,8.37518
1005155377,Schule,49.01068,8.38383
1001026860,Andere Unterkünfte,49.01542,8.39284
1070085736,Nahverkehrsbahnhof,49.0207,8.44478
1039104948,Bekleidungsgeschäft,49.00985,8.39889
1131731034,Erholungsgebiet,49.00791,8.4009
1115829130,Geldautomat,49.00995,8.39625
1058544196,Medizinischer Service,48.99562,8.35138
1164824941,Postamt,49.01551,8.39804
800056130,Einkaufszentrum,49.00564,8.40332
1039259849,Fachgeschäft,49.00936,8.40953
1058556708,Medizinischer Service,49.00957,8.42374
1010094854,Bank,49.0113,8.36077
1039814524,Universität / Hochschule,49.01458,8.39001
50610281,Parkgarage,49.01077,8.39481
898514423,Schule,49.03052,8.37117
1192312184,Nachtleben,49.01022,8.39789
1112150399,Fachgeschäft,49.00482,8.41058
1010068090,Gewerbebetrieb,49.00538,8.43679
57565575,Ausstellungszentrum / Messegelände,49.00294,8.39972
800765565,Kaffeehaus,49.0096,8.40337
1161921577,P+R,49.00536,8.36774
1011093793,Industriegebiet,49.03765,8.36533
800756151,Restaurant,49.00986,8.39861
1149443684,Hotel,49.00566,8.41024
1058556704,Medizinischer Service,48.99839,8.39321
1143809686,Restaurant,49.01001,8.39462
1132504728,Bekleidungsgeschäft,49.00564,8.40312
800749380,Restaurant,49.00925,8.39504
1193011778,Restaurant,49.00915,8.41236
1039266216,Fachgeschäft,49.0084,8.43954
50611597,Ausstellungszentrum / Messegelände,49.00294,8.39972
1039212953,Restaurant,48.99916,8.40689
800757389,Apotheke,49.00991,8.39691
1039782032,Supermarkt,49.00941,8.4277
1070085533,Nahverkehrsbahnhof,49.00938,8.40912
1193145874,Restaurant,49.00897,8.39592
1017621210,Gerichtsgebäude,49.01241,8.39881
50604516,Historisches Bauwerk,49.01254,8.38813
1174516013,fahrradleihstation,49.00043,8.41853
50604901,Historisches Bauwerk,49.01165,8.3995
1039243427,Restaurant,49.00515,8.32811
1161921750,P+R,49.01171,8.44062
1132504374,Elektrofachmarkt,49.00564,8.40312
1039880841,Restaurant,49.00946,8.42244
1131716909,Erholungsgebiet,49.01699,8.36042
1031201691,Schule,49.02911,8.36123
1058541559,Medizinischer Service,49.00909,8.36783
1126267043,Bank,49.02919,8.38645
1148921128,Nachtleben,48.99699,8.39374
800766830,Geldautomat,49.00947,8.40687
1113023123,Autoreparatur,49.00806,8.44297
1112420100,Autoreparatur,49.00833,8.41715
1070464250,Fachgeschäft,49.01127,8.36053
1178850800,Medizinischer Service,49.00304,8.34377
1108686607,Fachgeschäft,49.00667,8.42066
50605236,Hotel,48.99629,8.40329
1108686997,Fachgeschäft,48.99636,8.33579
800766181,Bank,49.0044,8.40957
1135003480,Medizinischer Service,49.01188,8.36024
1039880849,Kaffeehaus,49.00709,8.40733
50612787,Rathaus / Stadtverwaltung,49.00858,8.40367
1039815628,Andachtsort,49.00717,8.37219
1193024473,Restaurant,49.0087,8.42208
898522360,Geldautomat,49.01001,8.39462
1039782014,Supermarkt,48.99671,8.33602
1103752740,Supermarkt,49.01075,8.3988
800763346,Schule,49.00236,8.40696
50593856,Bahnhof,48.99443,8.40134
1131716907,Erholungsgebiet,49.01367,8.3816
57562592,Parkgarage,49.00824,8.39374
1039893096,Schule,49.00832,8.38962
844453784,Autoreparatur,49.00833,8.41715
1178852448,Medizinischer Service,49.00857,8.39507
50610275,Parkgarage,49.00835,8.40554
1017890485,Geldautomat,49.00931,8.40979
1137973003,Autovermietung,49.00806,8.44297
1017621220,Gerichtsgebäude,49.01165,8.40111
1070067168,Nahverkehrsbahnhof,49.01078,8.35956
1193011496,Restaurant,49.00189,8.38976
1131716906,Erholungsgebiet,49.00885,8.37539
1070459466,Kaffeehaus,49.00981,8.39893
1174482016,fahrradleihstation,49.00146,8.40797
1108536732,Fachgeschäft,49.011,8.39923
1108398615,Sportfachgeschäft,49.00979,8.40005
1058701741,Medizinischer Service,49.02416,8.37145
1192311529,Restaurant,48.9945,8.40032
801778263,Andachtsort,49.01696,8.38743
1039266235,Fachgeschäft,48.99773,8.39291
1132504360,Bekleidungsgeschäft,49.00564,8.40312
50605328,Hotel,49.01007,8.39423
1039877198,Apotheke,49.0099,8.39788
1174482026,fahrradleihstation,48.98805,8.37994
1165560125,Andachtsort,48.99809,8.37789
996602887,Autovermietung,48.997,8.37233
1108686986,Fachgeschäft,49.00932,8.40088
1039815347,Andachtsort,49.01059,8.38695
1039257753,Nachtleben,49.02301,8.36886
1178852440,Medizinischer Service,49.00982,8.39929
57540925,Restaurant,49.00165,8.39247
50603203,Tankstelle,49.01414,8.35497
1193011922,Andere Unterkünfte,49.00531,8.39384
1132034819,Sportfachgeschäft,49.00451,8.39214
898514189,Bank,49.01001,8.39462
1161506869,Tankstelle,49.00479,8.44619
1017890542,Geldautomat,49.00386,8.39439
1039210490,Restaurant,49.00198,8.39418
1024186304,Autoreparatur,49.01966,8.3552
1100964674,Gewerbebetrieb,49.01429,8.39736
50611305,Sehenswürdigkeit,49.01198,8.40054
1193944814,Restaurant,49.00896,8.42366
1137321235,Gewerbebetrieb,49.0113,8.36507
1110490830,Geldautomat,49.01703,8.44445
1039816067,Andachtsort,48.99643,8.3388
1177960233,Autoreparatur,48.99503,8.38956
50603000,Tankstelle,49.0151,8.43475
1165492207,Nachtleben,49.00938,8.39168
1164824933,Postamt,49.00315,8.38882
1148861119,Autovermietung,48.99131,8.40053
1039210485,Restaurant,49.00884,8.3919
1176204167,Apotheke,49.01,8.39462
1108687019,Fachgeschäft,49.01231,8.35949
1070508626,Sportzentrum,49.01001,8.39462
1174493269,fahrradleihstation,49.00444,8.38939
1108687020,Fachgeschäft,49.00866,8.3916
1039266257,Fachgeschäft,49.00015,8.4106
1039210459,Restaurant,49.00763,8.39337
1137720186,Kaffeehaus,49.01086,8.37495
801779857,Andachtsort,49.00908,8.419
1148811763,Supermarkt,48.99817,8.34834
800851035,Historisches Bauwerk,49.01448,8.39817
1010054601,Fachgeschäft,48.99449,8.4016
1161921753,P+R,49.01476,8.35219
1193040005,Restaurant,49.00973,8.38182
1132034811,Sportfachgeschäft,49.00714,8.39253
1017889969,Geldautomat,49.01155,8.41774
1039210476,Nachtleben,49.01158,8.3952
1005164824,Schule,49.01398,8.39391
1164824927,Postamt,48.99172,8.37507
1174481942,fahrradleihstation,49.01128,8.42337
1132504736,Bekleidungsgeschäft,49.00564,8.40312
1100506312,Supermarkt,48.99769,8.3717
57567977,Autohändler,49.02129,8.35218
50612296,Sehenswürdigkeit,49.00925,8.40408
1039814904,Nachtleben,49.00557,8.41055
1010054599,Fachgeschäft,48.99449,8.4016
57568150,Krankenhaus,48.99974,8.37944
1001488695,Supermarkt,49.02995,8.37489
1115829099,Geldautomat,49.0044,8.40957
1040338491,Medizinischer Service,49.00127,8.39745
801780824,Apotheke,49.00661,8.37525
1193037899,Restaurant,49.01634,8.44088
1039782019,Supermarkt,49.01135,8.36331
1112419685,Autoreparatur,49.01599,8.35398
1058556705,Medizinischer Service,49.01044,8.42567
1193011563,Restaurant,49.01249,8.35706
1165144608,Bank,49.00403,8.4202
1161792131,Parkgarage,49.0062,8.4005
1108686979,Fachgeschäft,49.00738,8.40666
1193011662,Restaurant,49.00795,8.38108
1039243165,Restaurant,49.00874,8.40228
1024132960,Autovermietung,49.00607,8.44281
1132504370,Bekleidungsgeschäft,49.00564,8.40312
1108686597,Fachgeschäft,49.00326,8.38689
1193011957,Hotel,49.00568,8.40673
1112142133,Fachgeschäft,49.00535,8.35605
1193011741,Restaurant,49.01146,8.36527
1039212939,Restaurant,49.00648,8.32796
800758730,Restaurant,49.00124,8.39744
1039130168,Bekleidungsgeschäft,49.00564,8.40312
1178868529,Medizinischer Service,48.9982,8.39383
1104303589,Bekleidungsgeschäft,49.00749,8.39488
844449707,Autoreparatur,48.99663,8.34614
1017621223,Fachgeschäft,49.00888,8.37466
1024132903,Autovermietung,49.00838,8.41704
1108686982,Fachgeschäft,49.01326,8.3746
800763788,Geldautomat,49.00909,8.40411
800751218,Buchhandlung,49.00558,8.39425
1108686618,Fachgeschäft,49.0024,8.40328
1104303666,Bekleidungsgeschäft,49.00887,8.39561
996600222,Autovermietung,48.99443,8.40134
800760269,Supermarkt,49.00909,8.41026
1112148238,Fachgeschäft,49.00817,8.44449
1070091397,Nahverkehrsbahnhof,49.00732,8.42573
50612705,Museum,49.00153,8.40906
800763293,Bank,48.9951,8.40365
1132504366,Elektrofachmarkt,49.00564,8.40312
1039210468,Restaurant,49.00954,8.40508
1040338487,Medizinischer Service,49.01819,8.37544
1017621214,Gerichtsgebäude,49.00916,8.40076
898112750,Historisches Bauwerk,49.01139,8.38649
1070618897,Fachgeschäft,49.03071,8.36745
1070066403,Nahverkehrsbahnhof,49.00925,8.40408
1130096339,Autoreparatur,49.03247,8.35896
1031198238,Schule,48.99905,8.41001
50613434,Tankstelle,49.0187,8.35485
1103752735,Supermarkt,48.99395,8.38517
800761855,Andachtsort,49.00813,8.39976
50610538,Parkgarage,49.01003,8.40522
1104075203,Bekleidungsgeschäft,49.0097,8.40208
1100436679,Bekleidungsgeschäft,49.00564,8.40312
1039130167,Bekleidungsgeschäft,49.00564,8.40312
1178053450,Autoreparatur,49.00471,8.38696
1039266210,Fachgeschäft,49.01634,8.44116
1103752741,Supermarkt,48.99724,8.35888
800766574,Hotel,49.00889,8.39732
1164824943,Postamt,49.00015,8.4106
1193953373,Nachtleben,49.01001,8.39461
1058556672,Medizinischer Service,49.00533,8.39896
1005358210,Bahnhof,48.99217,8.40211
800763967,Restaurant,49.01097,8.39574
1103752732,Supermarkt,49.00892,8.43952
1058701748,Medizinischer Service,49.01473,8.36131
1039251460,Buchhandlung,49.01167,8.39526
800752194,Restaurant,49.00942,8.40732
1039823170,Andachtsort,48.99843,8.40828
898514470,Schule,49.03347,8.37044
1164824936,Postamt,49.01097,8.37107
800765372,Apotheke,49.00511,8.39449
1058701755,Medizinischer Service,49.01227,8.42578
57568699,Parkgarage,49.00371,8.40199
1174481830,fahrradleihstation,49.01527,8.41978
1176630103,Restaurant,48.99445,8.40144
50611170,Theater,49.00418,8.40595
1178852294,Medizinischer Service,49.0093,8.39892
1131716903,Erholungsgebiet,49.01616,8.36674
1112142126,Fachgeschäft,49.00637,8.44356
1070067177,Nahverkehrsbahnhof,49.01062,8.38146
1039506026,Autoreparatur,48.99695,8.34609
1005223874,Schule,49.00461,8.33109
1178852597,Medizinischer Service,49.00397,8.40796
1166565588,Restaurant,49.00786,8.40372
1126267095,Bank,48.9972,8.33642
1132504734,Fachgeschäft,49.00564,8.40312
1166329047,Autoreparatur,48.99049,8.37233
1058549170,Medizinischer Service,49.01558,8.44334
1110490843,Bank,48.99581,8.35307
1039104943,Bekleidungsgeschäft,49.00564,8.40312
50605070,Hotel,49.0077,8.38568
50610219,Parkgarage,49.01016,8.38544
1132504735,Elektrofachmarkt,49.00564,8.40312
1005222095,Schule,49.02084,8.37054
980751286,Elektrofachmarkt,48.9921,8.37287
1132504363,Fachgeschäft,49.00564,8.40312
50603844,Restaurant,49.00398,8.40797
1017889707,Bank,49.00466,8.41138
1109996569,Taxistand,48.99972,8.38002
1039243151,Nachtleben,49.00962,8.37327
57569328,Postamt,49.00935,8.41097
898512325,Friedhof,48.98288,8.37411
57553099,Einkaufszentrum,49.01004,8.39427
50604990,Historisches Bauwerk,49.00606,8.39474
800750938,Apotheke,49.00533,8.39852
57561540,Restaurant,49.01006,8.39442
1131716908,Erholungsgebiet,49.00892,8.38406
1070067178,Nahverkehrsbahnhof,49.01145,8.36437
1039816068,Andachtsort,49.00421,8.34514
1039816065,Andachtsort,49.0288,8.36908
1178851836,Medizinischer Service,49.02784,8.38615
1039814528,Nachtleben,49.00852,8.39621
1039782018,Supermarkt,49.02713,8.3579
1174481966,fahrradleihstation,49.00622,8.43124
1178852261,Medizinischer Service,48.99899,8.41134
1039243159,Restaurant,49.0093,8.37489
1137321229,Gewerbebetrieb,49.00537,8.33129
1039130161,Bekleidungsgeschäft,49.00564,8.40312
51774690,Restaurant,49.01097,8.39731
1039259864,Fachgeschäft,49.01155,8.3148
1039892649,Schule,49.00561,8.41444
1058556707,Medizinischer Service,49.003,8.39153
1017917097,Geldautomat,49.00497,8.41058
1005162994,Schule,48.99742,8.38853
50612206,Sehenswürdigkeit,49.01004,8.39427
1070084707,Nahverkehrsbahnhof,49.01552,8.37504
1039257756,Nachtleben,49.01254,8.36369
1017890514,Geldautomat,48.98902,8.3831
1108686625,Fachgeschäft,49.00558,8.39425
1132034917,Sportfachgeschäft,49.0305,8.3593
1039263472,Fachgeschäft,49.00143,8.41052
1104117185,Bekleidungsgeschäft,49.01077,8.35946
1115829183,Geldautomat,49.01123,8.3603
1178852341,Medizinischer Service,48.99914,8.39393
1039104946,Bekleidungsgeschäft,49.00564,8.40312
1017889708,Geldautomat,49.00466,8.41138
57569327,Postamt,49.01001,8.39459
1005230041,Schule,49.00709,8.40733
1039306509,Schule,49.00716,8.37219
1112142138,Fachgeschäft,49.0115,8.36296
800761953,Kino,49.01006,8.39442
1131716921,Friedhof,49.01383,8.35645
1039879086,Apotheke,49.00784,8.43925
1193028891,Restaurant,49.00795,8.38108
1058544172,Medizinischer Service,49.00982,8.39874
1126266703,Bank,49.0035,8.38166
1112142124,Fachgeschäft,49.0138,8.43034
1039893094,Schule,49.00972,8.43198
1039880515,Autovermietung,48.99443,8.40134
1144513514,Restaurant,49.00377,8.42638
1193011935,Andere Unterkünfte,49.00727,8.40653
1139160686,Geldautomat,49.02471,8.35729
1110490883,Geldautomat,49.00785,8.37957
1039893526,Schule,49.00557,8.37638
51774424,Kino,49.00325,8.40798
1039893718,Andachtsort,49.00461,8.33109
1178851904,Medizinischer Service,49.01188,8.36152
801780842,Apotheke,48.9961,8.33564
800762969,Restaurant,49.00306,8.40556
1031198214,Schule,48.99798,8.38074
1011545405,Bekleidungsgeschäft,49.00963,8.40371
1108686990,Fachgeschäft,49.00966,8.40312
1039246678,Restaurant,49.00823,8.36787
1070508716,Sportzentrum,49.0069,8.43745
1131737496,Erholungsgebiet,49.01172,8.40425
1165776897,Andachtsort,49.03296,8.39355
1070447702,Bekleidungsgeschäft,49.00516,8.44648
1164810655,Kaffeehaus,49.00963,8.40371
1039210454,Nachtleben,49.01341,8.35908
1017027838,Parkgarage,48.99273,8.40417
1115829168,Geldautomat,49.0209,8.38655
800761983,Hotel,49.00511,8.39449
1137449870,Restaurant,49.01064,8.40138
1039210499,Restaurant,48.99864,8.39387
1017555765,Parkgarage,49.01092,8.40451
1148922680,Restaurant,49.00184,8.39355
1178851632,Medizinischer Service,48.99699,8.39374
1104074253,Sportzentrum,49.00663,8.40584
1108687028,Fachgeschäft,49.01085,8.37524
1039243142,Restaurant,49.00764,8.38751
57568148,Krankenhaus,48.99862,8.38932
57565931,Autohändler,49.00833,8.41715
1039815630,Andachtsort,49.00146,8.40789
1112532962,Parkgarage,49.0074,8.39945
50605663,Hotel,48.99419,8.39841
800759356,Restaurant,49.0093,8.39893
1131731035,Erholungsgebiet,49.01315,8.39002
50611580,Ausstellungszentrum / Messegelände,49.00324,8.40193
1070063449,Nahverkehrsbahnhof,49.00494,8.40332
1112142132,Fachgeschäft,49.01874,8.35673
801781055,Andachtsort,49.01218,8.3839
50610211,Parkgarage,48.99211,8.40119
50612649,Museum,49.01221,8.39633
800067274,Autoreparatur,49.00806,8.44297
1005358209,Buchhandlung,48.99449,8.4016
1110490835,Geldautomat,49.01007,8.39328
1031198220,Schule,49.01227,8.36811
1174482131,fahrradleihstation,49.00709,8.3436
1178850593,Medizinischer Service,48.99803,8.34213
1148921787,Restaurant,49.01042,8.39823
1017619246,Gerichtsgebäude,49.01232,8.40154
1192925427,Restaurant,48.99736,8.41078
57568151,Krankenhaus,49.01521,8.37482
50603823,Restaurant,49.00496,8.36842
801780835,Apotheke,49.01014,8.42455
1148730267,Hotel,48.99192,8.40283
898113202,Historisches Bauwerk,49.00789,8.42344
1178852615,Medizinischer Service,49.00796,8.39574
801780825,Apotheke,49.00879,8.37364
57561544,Restaurant,48.99935,8.39391
1108686615,Fachgeschäft,49.0069,8.40579
1108687027,Fachgeschäft,49.00769,8.38666
1070067519,Nahverkehrsbahnhof,49.00522,8.34962
1001361208,Parkplatz,48.99453,8.4016
57541650,Autovermietung,48.99443,8.40134
1164873751,Bekleidungsgeschäft,49.00974,8.40102
1110559607,Geldautomat,49.002,8.39444
1178850841,Medizinischer Service,49.00292,8.33605
1193015024,Restaurant,49.01127,8.35718
50611596,Ausstellungszentrum / Messegelände,49.00324,8.40193
1193011991,Restaurant,49.01082,8.42356
50605156,Hotel,48.99475,8.40041
1005231357,Schule,48.99301,8.387
1132530214,Hotel,49.00627,8.39459
50604137,Restaurant,49.00012,8.40321
1039243171,Restaurant,49.01158,8.35925
1178852696,Medizinischer Service,49.00937,8.40934
1115829856,Geldautomat,48.99443,8.40134
1110490829,Bank,49.01703,8.44445
800761157,Polizeistation,49.00156,8.39765
1108705478,Fachgeschäft,49.00738,8.41021
1058544173,Medizinischer Service,49.00248,8.3988
898522345,Geldautomat,49.01082,8.35999
1011545178,Bekleidungsgeschäft,49.00961,8.40313
1108686629,Fachgeschäft,49.01236,8.36255
1141613037,Autovermietung,49.00794,8.37783
1108686632,Fachgeschäft,48.99864,8.39383
1161449916,Restaurant,49.00564,8.40332
1115829338,Geldautomat,49.03073,8.36696
1126266704,Geldautomat,49.0035,8.38166
50613047,Restaurant,49.00875,8.3999
1148918229,Fachgeschäft,49.01019,8.39063
50603872,Restaurant,49.01128,8.39654
1148921786,Restaurant,49.00111,8.39083
57566306,Einkaufszentrum,49.00591,8.4109
1017890557,Geldautomat,49.01095,8.39925
1141613338,Autovermietung,49.00833,8.41715
800748563,Restaurant,49.01083,8.39423
1058556668,Medizinischer Service,49.00055,8.39476
1131723600,Erholungsgebiet,49.00528,8.36756
1005224188,Schule,49.02783,8.38615
1024643681,Bank,49.00947,8.40569
800760008,Bank,49.00947,8.40566
1166357600,Bahnhof,48.99522,8.38512
1108686994,Fachgeschäft,49.00828,8.39659
844320886,Restaurant,49.00501,8.44638
1039815345,Andachtsort,48.99862,8.38753
57569331,Postamt,49.01075,8.35989
1039782020,Supermarkt,49.0105,8.43689
800056132,Supermarkt,49.00564,8.40332
1108687008,Fachgeschäft,49.00829,8.3977
1039814526,Hotel,49.0326,8.39399
1111956099,Verbrauchermarkt,49.01005,8.39469
1178850682,Medizinischer Service,48.99681,8.34869
1148414183,Bekleidungsgeschäft,49.01001,8.39462
1178851683,Medizinischer Service,49.02076,8.3854
50610356,Parkgarage,49.00913,8.40107
1132034813,Sportfachgeschäft,49.00918,8.42366
1039893026,Schule,49.01067,8.35572
1193012136,Restaurant,49.00578,8.40339
1031198232,Schule,48.99105,8.3541
1108536636,Fachgeschäft,49.0176,8.35419
1131727372,Friedhof,48.99394,8.38633
50605872,Hotel,49.00835,8.42209
1039782038,Botschaft,49.01322,8.33071
50609421,Parkplatz,49.00491,8.32228
1108686584,Fachgeschäft,49.00884,8.3919
1017890531,Geldautomat,49.01069,8.40049
1039893030,Schule,49.00915,8.41898
1164919039,Apotheke,49.01163,8.35214
1005358208,Fachgeschäft,48.99449,8.4016
1174487442,fahrradleihstation,49.00331,8.386
1039266218,Fachgeschäft,48.99879,8.40586
1164793238,Kaffeehaus,49.00951,8.40491
1178852202,Medizinischer Service,49.02563,8.37444
1192103983,Autohändler,49.03312,8.35929
1164959247,Nachtleben,48.99443,8.40134
50610478,Parkgarage,49.00429,8.40527
1039814532,Supermarkt,49.00919,8.4381
997869581,Autoreparatur,49.03247,8.35896
801782277,Apotheke,49.00455,8.33236
1132504359,Bekleidungsgeschäft,49.00564,8.40312
1070067171,Nahverkehrsbahnhof,49.01038,8.38695
800756246,Apotheke,49.00935,8.39892
57564425,Museum,49.00128,8.38308
1039266247,Fachgeschäft,49.00939,8.3934
57556289,Tankstelle,48.99617,8.36071
1104115629,Bekleidungsgeschäft,49.00893,8.39176
1194476684,Nachtleben,49.01754,8.39333
1058541582,Medizinischer Service,49.02136,8.36146
1108686601,Fachgeschäft,49.00699,8.39236
1193011906,Restaurant,49.00909,8.41026
1039892868,Schule,48.99881,8.35437
1192313125,Andere Unterkünfte,48.99192,8.40283
1112455259,Autoreparatur,49.01136,8.36756
1137720874,Fachgeschäft,49.0039,8.39808
1104303596,Bekleidungsgeschäft,49.0099,8.39788
50605272,Hotel,49.00739,8.39607
1005224459,Schule,49.01473,8.38521
1005153891,Theater,48.99707,8.37751
1070464354,Fachgeschäft,49.01001,8.39462
1039243404,Restaurant,49.02561,8.36094
50605241,Hotel,49.00078,8.40793
1070067524,Nahverkehrsbahnhof,48.99853,8.34079
1039893527,Schule,49.00972,8.43198
1058544175,Medizinischer Service,49.00369,8.33432
1039892867,Schule,48.99298,8.38684
1017890491,Geldautomat,49.01075,8.37612
1131730989,Erholungsgebiet,48.99997,8.40403
1039321041,Kaffeehaus,48.99049,8.37234
1193016363,Restaurant,49.00631,8.38176
1010054596,Fachgeschäft,48.99217,8.40211
1017890543,Bank,49.00386,8.39439
1039266246,Fachgeschäft,49.00919,8.4381
1096899559,Autoreparatur,49.00806,8.44297
50610210,Parkgarage,48.9923,8.40236
57540958,Restaurant,49.01086,8.37495
1039211649,Kaffeehaus,49.00982,8.39874
1112142129,Fachgeschäft,48.99458,8.3997
1070066401,Nahverkehrsbahnhof,49.00974,8.40035
1024168213,Geldautomat,49.00484,8.44622
1164125662,Gewerbebetrieb,49.00561,8.4049
50605089,Hotel,49.00859,8.39664
801782276,Apotheke,49.01477,8.38517
1112140396,Fachgeschäft,49.01427,8.36
1174515920,fahrradleihstation,48.99882,8.38609
1108687031,Fachgeschäft,49.01037,8.38626
1174481892,fahrradleihstation,49.01082,8.39512
51773931,Restaurant,49.03231,8.38826
1132504375,Bekleidungsgeschäft,49.00564,8.40312
1122851135,Autoreparatur,48.99587,8.40457
1108686611,Fachgeschäft,49.00652,8.39551
1039212962,Nachtleben,49.00455,8.3937
800056134,Bank,49.00564,8.40332
1132232885,Möbel- und Einrichtungshaus,49.0115,8.36414
1070075896,Nahverkehrsbahnhof,49.01447,8.35174
800760880,Restaurant,49.00721,8.39274
1178852165,Medizinischer Service,49.01491,8.37513
1104303592,Bekleidungsgeschäft,49.00984,8.39901
1112142142,Fachgeschäft,49.01561,8.35416
1166357601,Bahnhof,48.99486,8.38955
929488844,Autoreparatur,49.0199,8.36767
898513834,Schule,49.02506,8.36056
50615119,Autohändler,48.99206,8.37237
1039243156,Restaurant,49.00784,8.41363
1140564073,Sehenswürdigkeit,48.99901,8.40336
1132504729,Fachgeschäft,49.00564,8.40312
1142150547,Geldautomat,49.01035,8.4234
1132034539,Sportfachgeschäft,48.99923,8.40499
50612543,Museum,49.01355,8.40514
1193018635,Restaurant,49.00089,8.40572
1058701749,Medizinischer Service,49.02076,8.3854
1070091403,Nahverkehrsbahnhof,49.0045,8.4413
1103751173,Supermarkt,49.03723,8.39246
1192312203,Schule,49.00395,8.42002
800765325,Schule,49.01053,8.41112
57568336,Autohändler,49.03408,8.35712
801780845,Apotheke,49.01148,8.3649
1193012063,Restaurant,49.01178,8.39933
1058541576,Medizinischer Service,49.01127,8.3918
50606144,Hotel,49.00927,8.33366
1104303593,Bekleidungsgeschäft,49.00983,8.3993
1058326211,Restaurant,49.00951,8.40491
1070085021,Nahverkehrsbahnhof,49.03362,8.37644
800766030,Nachtleben,49.00856,8.39605
1131730987,Erholungsgebiet,49.00183,8.42304
1164824937,Postamt,49.01139,8.35958
1108686999,Fachgeschäft,49.01075,8.36141
898512498,Polizeistation,49.00742,8.4259
50612527,Universität / Hochschule,49.00932,8.41163
1031198240,Schule,49.00729,8.42295
1166860105,Fachgeschäft,49.01163,8.35214
1108686996,Fachgeschäft,49.01126,8.36625
1164975427,Bürobedarf,48.99608,8.37282
1017890524,Bank,49.01738,8.44337
1039104947,Bekleidungsgeschäft,49.00564,8.40312
1178852473,Medizinischer Service,49.00955,8.40478
50610597,Parkgarage,49.0109,8.40846
800756235,Buchhandlung,49.00909,8.41027
800765818,Apotheke,49.00868,8.39527
50612493,Krankenhaus,49.01521,8.37482
1058540840,Medizinischer Service,49.0017,8.39438
1024643683,Bank,49.0104,8.38366
1039892870,Schule,49.00519,8.33309
1108712247,Fachgeschäft,49.03042,8.36859
1017622258,Bibliothek,49.03301,8.39147
1178704437,Autoreparatur,49.01414,8.35497
1070464359,Fachgeschäft,49.00981,8.39893
800764829,Restaurant,49.00272,8.40562
1112420131,Autoreparatur,48.99634,8.41005
1070075892,Nahverkehrsbahnhof,49.01301,8.35483
1137321230,Gewerbebetrieb,49.01007,8.39313
1058556683,Medizinischer Service,49.0068,8.37626
1131716905,Erholungsgebiet,49.01543,8.37217
1108686610,Fachgeschäft,48.9956,8.40234
1039893529,Schule,49.01898,8.44604
1178852126,Medizinischer Service,49.00624,8.37814
1178852093,Medizinischer Service,49.00019,8.388
800750065,Museum,49.01,8.40398
1039814980,Theater,49.00353,8.408
801780822,Apotheke,49.00618,8.3781
50605400,Hotel,48.99659,8.39138
800753093,Bank,49.00749,8.39473
1058556693,Medizinischer Service,49.01151,8.39519
1011027088,Industriegebiet,49.01709,8.32174
1017890490,Bank,49.01075,8.37612
800757076,Museum,49.01118,8.39515
1039243422,Restaurant,49.00795,8.31776
50610665,P+R,49.01573,8.34773
1039212947,Kaffeehaus,49.01429,8.42972
1098053805,Supermarkt,49.00752,8.38921
1039243155,Restaurant,49.01031,8.42337
931100877,Autoreparatur,49.00884,8.36784
1070067172,Nahverkehrsbahnhof,49.01086,8.37587
1164824938,Postamt,49.00884,8.39332
1141613339,Autovermietung,49.00833,8.41715
1108686613,Fachgeschäft,49.00281,8.41043
1058544162,Medizinischer Service,49.00935,8.40978
1131752850,Tankstelle,49.00913,8.32778
1178851857,Medizinischer Service,49.00393,8.35558
1039266260,Fachgeschäft,49.00999,8.38185
979355722,Elektrofachmarkt,49.01005,8.39469
1193362687,Nachtleben,49.0073,8.41403
1178851718,Medizinischer Service,49.00991,8.38556
57565557,Museum,49.00128,8.38308
50611455,Erholungsgebiet,48.99904,8.40192
1039246688,Restaurant,49.00437,8.38495
1039880339,Polizeistation,49.00229,8.35454
800749026,Bank,49.00832,8.40205
1108686600,Fachgeschäft,49.00778,8.39373
1039210475,Restaurant,49.00945,8.40652
1104075826,Bekleidungsgeschäft,48.99171,8.37507
50612640,Museum,49.0116,8.38329
50603047,Tankstelle,49.01326,8.42834
1039243144,Restaurant,48.99472,8.3939
1132034815,Sportfachgeschäft,49.00883,8.37241
1174482052,fahrradleihstation,49.03019,8.37599
1108709999,Fachgeschäft,49.01118,8.36119
1070459496,Kaffeehaus,49.01001,8.39462
50609433,Parkplatz,49.00482,8.44626
1024643518,Bank,49.03073,8.367
50605975,Hotel,49.00012,8.40321
1024126211,Supermarkt,49.00564,8.37967
1039880702,Restaurant,49.0133,8.40265
1017634417,Bibliothek,49.0139,8.35501
1070623427,Elektrofachmarkt,49.00482,8.41058
1039814538,Universität / Hochschule,49.01303,8.39341
1103752739,Supermarkt,49.02103,8.35402
1070067175,Nahverkehrsbahnhof,49.01114,8.36911
1132034187,Sportfachgeschäft,49.00046,8.39514
1039243164,Restaurant,49.00107,8.41312
57552803,Restaurant,49.01021,8.40773
1039130284,Bekleidungsgeschäft,49.00987,8.39757
1132034816,Sportfachgeschäft,49.00799,8.38242
50604864,Historisches Bauwerk,49.00379,8.42553
1110490890,Bank,49.00915,8.40356
1192311615,Restaurant,49.01,8.40963
1110491106,Geldautomat,48.99508,8.38889
1011027086,Industriegebiet,48.99925,8.36864
1148922679,Restaurant,49.00896,8.36783
1039892866,Schule,49.00729,8.40607
800752273,Supermarkt,49.00914,8.39336
50605280,Hotel,49.00571,8.40709
801780836,Apotheke,49.00865,8.41821
1193944784,Hotel,48.9946,8.39298
1070132238,Nahverkehrsbahnhof,48.99442,8.40132
800056131,Supermarkt,49.00564,8.40332
1005232091,Schule,48.99454,8.38881
1164824921,Postamt,48.99728,8.33648
57552921,Universität / Hochschule,49.02187,8.36589
1126267096,Geldautomat,48.9972,8.33642
1132504372,Fachgeschäft,49.00564,8.40312
1058702274,Medizinischer Service,49.01147,8.35723
1132504371,Bekleidungsgeschäft,49.00564,8.40312
1193011166,Restaurant,49.00729,8.38489
1104303609,Bekleidungsgeschäft,49.0077,8.39359
1023826375,Geldautomat,48.99635,8.40483
1024132964,Autovermietung,48.99688,8.34645
1141850940,Apotheke,49.00973,8.40044
1104303608,Bekleidungsgeschäft,49.00966,8.40312
1115829115,Geldautomat,48.99049,8.37234
1108687004,Fachgeschäft,49.008,8.39588
800762638,Parkgarage,49.00721,8.40265
1039210489,Restaurant,49.00992,8.39726
1108687018,Fachgeschäft,49.01047,8.3746
1193011980,Restaurant,49.00106,8.39417
57540924,Restaurant,49.00957,8.38989
1108686989,Fachgeschäft,48.99808,8.34989
1039304951,Schule,49.01114,8.42735
50603754,Restaurant,49.00845,8.43009
800851242,Parkgarage,49.00556,8.4128
1039880445,Polizeistation,49.00159,8.40747
1192310576,Restaurant,49.0101,8.39778
800757087,Bank,49.00995,8.39625
800763622,Bank,49.00861,8.40064
1017890690,Geldautomat,48.99171,8.37507
50593927,Busbahnhof,48.99169,8.4009
801780846,Apotheke,49.01144,8.35947
1108536923,Fachgeschäft,49.00934,8.40095
1164569884,Parkgarage,49.01055,8.38035
50602849,Tankstelle,48.99503,8.38956
1039266231,Fachgeschäft,49.0099,8.42351
1164855278,Kaffeehaus,49.01001,8.39462
801782355,Apotheke,49.0174,8.44333
1039266229,Fachgeschäft,49.00511,8.39449
801895532,Parkplatz,49.01412,8.4323
1131716828,Erholungsgebiet,49.03137,8.37228
1193011867,Nachtleben,49.00954,8.40495
1149443590,Restaurant,49.00566,8.41024
1011027091,Industriegebiet,49.00945,8.34642
50604402,Historisches Bauwerk,49.00673,8.39582
1039878917,Apotheke,48.99896,8.39387
1108686978,Fachgeschäft,49.01071,8.42328
1039892565,Schule,48.99751,8.38151
1070508629,Bekleidungsgeschäft,49.00985,8.40268
1039266225,Fachgeschäft,49.00884,8.39736
1070459471,Kaffeehaus,49.01127,8.36053
50609420,Parkplatz,49.00518,8.32311
1039893097,Schule,48.99734,8.40769
1039243152,Restaurant,49.00562,8.3722
1178892199,Autoreparatur,49.02481,8.35734
50611338,Erholungsgebiet,49.00278,8.37116
1164919040,Apotheke,49.00974,8.40116
995160322,Elektrofachmarkt,49.01149,8.36454
1178852719,Medizinischer Service,49.00145,8.40747
800753381,Restaurant,49.0099,8.38978
1070623338,Elektrofachmarkt,49.00995,8.39681
51774687,Restaurant,49.01012,8.39296
1070132234,Nahverkehrsbahnhof,48.9953,8.40394
800760087,Restaurant,49.01015,8.39777
1017890502,Geldautomat,49.00655,8.43061
1193011479,Restaurant,49.00556,8.38155
1178850509,Medizinischer Service,48.99383,8.33426
1166357607,Bahnhof,48.99447,8.39533
1178851121,Medizinischer Service,48.99428,8.39718
1017890555,Geldautomat,48.9974,8.40429
50609438,Parkplatz,49.00583,8.44699
1011544348,Bekleidungsgeschäft,49.01,8.39586
1039880856,Restaurant,49.00837,8.41995
1104303594,Bekleidungsgeschäft,49.00983,8.39835
50609417,Parkplatz,49.01556,8.41905
1070067522,Nahverkehrsbahnhof,48.99587,8.33816
57565235,Autohändler,49.00879,8.44405
1024125956,Supermarkt,49.01917,8.35603
1108695009,Fachgeschäft,48.99443,8.40134
57561516,Nachtleben,49.00436,8.40966
1103752734,Supermarkt,49.00602,8.36068
1131722973,Erholungsgebiet,49.01261,8.34868
800758758,Restaurant,49.00557,8.41055
1058544192,Medizinischer Service,49.00538,8.33403
1058556680,Medizinischer Service,49.0091,8.40077
1017027840,Parkplatz,48.99202,8.4019
1058556662,Medizinischer Service,49.01138,8.36996
1039130163,Bekleidungsgeschäft,49.00564,8.40312
1005158272,Schule,49.02783,8.38615
1005358212,Fachgeschäft,48.99217,8.40211
1104101724,Bekleidungsgeschäft,49.00564,8.40312
1131753139,Tankstelle,49.01039,8.40914
800764857,Restaurant,49.00899,8.40213
1115829692,Geldautomat,49.01068,8.35351
1112455260,Autohändler,49.01136,8.36756
1039243410,Restaurant,48.99519,8.35236
1132034810,Sportfachgeschäft,49.0005,8.35064
1017889009,Geldautomat,49.01113,8.36086
1039130283,Bekleidungsgeschäft,49.00985,8.39801
1104303655,Bekleidungsgeschäft,49.0068,8.39467
1132504730,Fachgeschäft,49.00564,8.40312
57568242,Restaurant,49.00308,8.40193
801780823,Apotheke,49.00999,8.38185
1010054602,Fachgeschäft,48.99449,8.4016
800754421,Restaurant,49.0016,8.40789
1132504726,Bekleidungsgeschäft,49.00564,8.40312
1193011544,Restaurant,49.00895,8.39156
57553304,Autohändler,49.00607,8.44281
1108687026,Fachgeschäft,49.00874,8.40859
801782352,Apotheke,49.0112,8.36136
1174481834,fahrradleihstation,49.00868,8.39497
50604918,Historisches Bauwerk,49.01201,8.39523
1164824942,Postamt,49.0058,8.3498
1039879087,Apotheke,49.00295,8.35668
1174481829,fahrradleihstation,49.00317,8.41566
1058556678,Medizinischer Service,49.00472,8.37354
1005228948,Schule,49.03448,8.37122
57565781,Krankenhaus,48.99862,8.38932
1005166382,Schule,49.00637,8.39316
1165961625,Baumarkt,48.99994,8.35782
1039130165,Bekleidungsgeschäft,49.00564,8.40312
1005231867,Schule,49.00884,8.38529
50609423,Parkplatz,48.99825,8.37108
1132232660,Möbel- und Einrichtungshaus,49.01104,8.35306
1175957090,Parkgarage,49.01146,8.3982
50612375,Sehenswürdigkeit,48.99475,8.40041
800752609,Geldautomat,49.00972,8.40168
50605267,Hotel,49.01119,8.3936
50609418,Parkplatz,49.01381,8.31051
800753696,Apotheke,49.00228,8.39423
800761070,Restaurant,49.00907,8.40538
1112142128,Fachgeschäft,49.01338,8.3562
898512336,Friedhof,49.00739,8.33954
50606327,Touristeninformation,48.99475,8.40041
1178675930,Autoreparatur,49.01326,8.42834
998736499,Autoreparatur,49.03316,8.35534
1112146620,Fachgeschäft,49.0024,8.39497
1108398594,Sportfachgeschäft,49.00951,8.39917
1039782029,Fachgeschäft,49.00564,8.40312
1039266256,Fachgeschäft,49.01149,8.36454
1039243423,Restaurant,48.99405,8.36314
1039815632,Andachtsort,49.01442,8.37064
800851082,Parkgarage,49.00313,8.39947
1024187152,Supermarkt,49.00295,8.35668
1178082138,Restaurant,48.99419,8.39841
1039880698,Kaffeehaus,49.01035,8.40167
1070067521,Nahverkehrsbahnhof,49.00157,8.34496
1001398160,Sportzentrum,48.9966,8.37802
1011023698,Industriegebiet,49.01888,8.36934
800756419,Andachtsort,49.00399,8.39884
50604609,Historisches Bauwerk,49.00948,8.40527
800757942,Andachtsort,49.00632,8.406
1108687032,Fachgeschäft,49.01011,8.39328
1017889806,Geldautomat,49.00515,8.39473
1024643474,Bank,49.0041,8.33338
1178852536,Medizinischer Service,49.00948,8.42413
50612139,Sportzentrum,49.00038,8.40286
1040338492,Medizinischer Service,49.00976,8.4007
1174481940,fahrradleihstation,49.00932,8.41126
800758058,Geldautomat,49.00947,8.40566
1039266242,Fachgeschäft,49.01062,8.36856
1131722976,Erholungsgebiet,49.00095,8.35161
50604368,Historisches Bauwerk,49.01218,8.3839
50604512,Historisches Bauwerk,49.01001,8.39462
1017890537,Bank,49.00369,8.3654
800766640,Buchhandlung,49.01071,8.39516
1193011622,Restaurant,49.00748,8.39312
1017154880,Bank,49.01185,8.35861
